case,paper_ieps_points,paper_ieps_accuracy,paper_f1,improved_ieps_points,improved_ieps_accuracy,improved_f1,f1_delta,paper_total_ms,improved_total_ms
circle_clean,32,1.0,1.0,64,1.0,1.0,0.0,10.255799978040159,20.134300051722676
circle_noisy,32,1.0,1.0,64,1.0,1.0,0.0,8.909200027119368,20.710499957203865
u_shape_clean,32,0.78125,0.6135147137881869,64,0.9375,0.7004298121856676,0.08691509839748068,10.089099931064993,20.955100015271455
u_shape_noisy,32,0.78125,0.5908213259437246,64,0.9375,0.6964684473597355,0.10564712141601085,11.289599991869181,20.545899984426796
